Name,Creation,Expiration,Period
BTC-21JUN21-30000-C,1624089605000,1624262400000,day
BTC-21JUN21-30000-P,1624089605000,1624262400000,day
BTC-21JUN21-31000-C,1624191720000,1624262400000,day
BTC-21JUN21-31000-P,1624191720000,1624262400000,day
BTC-21JUN21-32000-C,1624089605000,1624262400000,day
BTC-21JUN21-32000-P,1624089605000,1624262400000,day
BTC-21JUN21-33000-C,1624089605000,1624262400000,day
BTC-21JUN21-33000-P,1624089605000,1624262400000,day
BTC-21JUN21-34000-C,1624089605000,1624262400000,day
BTC-21JUN21-34000-P,1624089605000,1624262400000,day
BTC-21JUN21-35000-C,1624089605000,1624262400000,day
BTC-21JUN21-35000-P,1624089605000,1624262400000,day
BTC-21JUN21-36000-C,1624089605000,1624262400000,day
BTC-21JUN21-36000-P,1624089605000,1624262400000,day
BTC-21JUN21-37000-C,1624089605000,1624262400000,day
BTC-21JUN21-37000-P,1624089605000,1624262400000,day
BTC-21JUN21-38000-C,1624089605000,1624262400000,day
BTC-21JUN21-38000-P,1624089605000,1624262400000,day
BTC-21JUN21-39000-C,1624089605000,1624262400000,day
BTC-21JUN21-39000-P,1624089605000,1624262400000,day
BTC-21JUN21-40000-C,1624089605000,1624262400000,day
BTC-21JUN21-40000-P,1624089605000,1624262400000,day
BTC-21JUN21-42000-C,1624104420000,1624262400000,day
BTC-21JUN21-42000-P,1624104420000,1624262400000,day
BTC-22JUN21-28000-C,1624191720000,1624348800000,day
BTC-22JUN21-28000-P,1624191720000,1624348800000,day
BTC-22JUN21-30000-C,1624176006000,1624348800000,day
BTC-22JUN21-30000-P,1624176006000,1624348800000,day
BTC-22JUN21-31000-C,1624183560000,1624348800000,day
BTC-22JUN21-31000-P,1624183560000,1624348800000,day
BTC-22JUN21-32000-C,1624176006000,1624348800000,day
BTC-22JUN21-32000-P,1624176006000,1624348800000,day
BTC-22JUN21-33000-C,1624176006000,1624348800000,day
BTC-22JUN21-33000-P,1624176006000,1624348800000,day
BTC-22JUN21-34000-C,1624176006000,1624348800000,day
BTC-22JUN21-34000-P,1624176006000,1624348800000,day
BTC-22JUN21-35000-C,1624176006000,1624348800000,day
BTC-22JUN21-35000-P,1624176006000,1624348800000,day
BTC-22JUN21-36000-C,1624176006000,1624348800000,day
BTC-22JUN21-36000-P,1624176006000,1624348800000,day
BTC-22JUN21-37000-C,1624176006000,1624348800000,day
BTC-22JUN21-37000-P,1624176006000,1624348800000,day
BTC-22JUN21-38000-C,1624176006000,1624348800000,day
BTC-22JUN21-38000-P,1624176006000,1624348800000,day
BTC-22JUN21-39000-C,1624176006000,1624348800000,day
BTC-22JUN21-39000-P,1624176006000,1624348800000,day
BTC-22JUN21-40000-C,1624176006000,1624348800000,day
BTC-22JUN21-40000-P,1624176006000,1624348800000,day
BTC-23JUN21-26000-C,1624365921000,1624435200000,day
BTC-23JUN21-26000-P,1624365921000,1624435200000,day
BTC-23JUN21-27000-C,1624365921000,1624435200000,day
BTC-23JUN21-27000-P,1624365921000,1624435200000,day
BTC-23JUN21-28000-C,1624262406000,1624435200000,day
BTC-23JUN21-28000-P,1624262406000,1624435200000,day
BTC-23JUN21-29000-C,1624266660000,1624435200000,day
BTC-23JUN21-29000-P,1624266660000,1624435200000,day
BTC-23JUN21-30000-C,1624262406000,1624435200000,day
BTC-23JUN21-30000-P,1624262406000,1624435200000,day
BTC-23JUN21-31000-C,1624262406000,1624435200000,day
BTC-23JUN21-31000-P,1624262406000,1624435200000,day
BTC-23JUN21-32000-C,1624262406000,1624435200000,day
BTC-23JUN21-32000-P,1624262406000,1624435200000,day
BTC-23JUN21-33000-C,1624262406000,1624435200000,day
BTC-23JUN21-33000-P,1624262406000,1624435200000,day
BTC-23JUN21-34000-C,1624262406000,1624435200000,day
BTC-23JUN21-34000-P,1624262406000,1624435200000,day
BTC-23JUN21-35000-C,1624262406000,1624435200000,day
BTC-23JUN21-35000-P,1624262406000,1624435200000,day
BTC-23JUN21-36000-C,1624262406000,1624435200000,day
BTC-23JUN21-36000-P,1624262406000,1624435200000,day
BTC-23JUN21-37000-C,1624263240000,1624435200000,day
BTC-23JUN21-37000-P,1624263240000,1624435200000,day
BTC-23JUN21-38000-C,1624262406000,1624435200000,day
BTC-23JUN21-38000-P,1624262406000,1624435200000,day
BTC-24JUN21-24000-C,1624365960000,1624521600000,day
BTC-24JUN21-24000-P,1624365960000,1624521600000,day
BTC-24JUN21-26000-C,1624363320000,1624521600000,day
BTC-24JUN21-26000-P,1624363320000,1624521600000,day
BTC-24JUN21-27000-C,1624364100000,1624521600000,day
BTC-24JUN21-27000-P,1624364100000,1624521600000,day
BTC-24JUN21-28000-C,1624348807000,1624521600000,day
BTC-24JUN21-28000-P,1624348807000,1624521600000,day
BTC-24JUN21-29000-C,1624348807000,1624521600000,day
BTC-24JUN21-29000-P,1624348807000,1624521600000,day
BTC-24JUN21-30000-C,1624348807000,1624521600000,day
BTC-24JUN21-30000-P,1624348807000,1624521600000,day
BTC-24JUN21-31000-C,1624348807000,1624521600000,day
BTC-24JUN21-31000-P,1624348807000,1624521600000,day
BTC-24JUN21-32000-C,1624348807000,1624521600000,day
BTC-24JUN21-32000-P,1624348807000,1624521600000,day
BTC-24JUN21-33000-C,1624348807000,1624521600000,day
BTC-24JUN21-33000-P,1624348807000,1624521600000,day
BTC-24JUN21-34000-C,1624348807000,1624521600000,day
BTC-24JUN21-34000-P,1624348807000,1624521600000,day
BTC-24JUN21-35000-C,1624348807000,1624521600000,day
BTC-24JUN21-35000-P,1624348807000,1624521600000,day
BTC-24JUN21-36000-C,1624348807000,1624521600000,day
BTC-24JUN21-36000-P,1624348807000,1624521600000,day
BTC-24JUN21-37000-C,1624410300000,1624521600000,day
BTC-24JUN21-37000-P,1624410300000,1624521600000,day
BTC-24JUN21-38000-C,1624348807000,1624521600000,day
BTC-24JUN21-38000-P,1624348807000,1624521600000,day
BTC-25JUN21-6000-C,1600942253000,1624608000000,month
BTC-25JUN21-6000-P,1600942253000,1624608000000,month
BTC-25JUN21-8000-C,1600941921000,1624608000000,month
BTC-25JUN21-8000-P,1600941921000,1624608000000,month
BTC-25JUN21-10000-C,1600942253000,1624608000000,month
BTC-25JUN21-10000-P,1600942253000,1624608000000,month
BTC-25JUN21-12000-C,1600941921000,1624608000000,month
BTC-25JUN21-12000-P,1600941921000,1624608000000,month
BTC-25JUN21-14000-C,1600942253000,1624608000000,month
BTC-25JUN21-14000-P,1600942253000,1624608000000,month
BTC-25JUN21-16000-C,1600941921000,1624608000000,month
BTC-25JUN21-16000-P,1600941921000,1624608000000,month
BTC-25JUN21-18000-C,1604588936000,1624608000000,month
BTC-25JUN21-18000-P,1604588936000,1624608000000,month
BTC-25JUN21-20000-C,1600941921000,1624608000000,month
BTC-25JUN21-20000-P,1600941921000,1624608000000,month
BTC-25JUN21-22000-C,1604755663000,1624608000000,month
BTC-25JUN21-22000-P,1604755663000,1624608000000,month
BTC-25JUN21-24000-C,1600941921000,1624608000000,month
BTC-25JUN21-24000-P,1600941921000,1624608000000,month
BTC-25JUN21-25000-C,1624365947000,1624608000000,month
BTC-25JUN21-25000-P,1624365947000,1624608000000,month
BTC-25JUN21-26000-C,1624311993000,1624608000000,month
BTC-25JUN21-26000-P,1624311993000,1624608000000,month
BTC-25JUN21-27000-C,1624311993000,1624608000000,month
BTC-25JUN21-27000-P,1624311993000,1624608000000,month
BTC-25JUN21-28000-C,1601037182000,1624608000000,month
BTC-25JUN21-28000-P,1601037182000,1624608000000,month
BTC-25JUN21-29000-C,1624271140000,1624608000000,month
BTC-25JUN21-29000-P,1624271140000,1624608000000,month
BTC-25JUN21-30000-C,1623171208000,1624608000000,month
BTC-25JUN21-30000-P,1623171208000,1624608000000,month
BTC-25JUN21-31000-C,1624271140000,1624608000000,month
BTC-25JUN21-31000-P,1624271140000,1624608000000,month
BTC-25JUN21-32000-C,1601037452000,1624608000000,month
BTC-25JUN21-32000-P,1601037452000,1624608000000,month
BTC-25JUN21-33000-C,1624271140000,1624608000000,month
BTC-25JUN21-33000-P,1624271140000,1624608000000,month
BTC-25JUN21-34000-C,1623171208000,1624608000000,month
BTC-25JUN21-34000-P,1623171208000,1624608000000,month
BTC-25JUN21-35000-C,1624027875000,1624608000000,month
BTC-25JUN21-35000-P,1624027875000,1624608000000,month
BTC-25JUN21-36000-C,1603979889000,1624608000000,month
BTC-25JUN21-36000-P,1603979889000,1624608000000,month
BTC-25JUN21-37000-C,1624027875000,1624608000000,month
BTC-25JUN21-37000-P,1624027875000,1624608000000,month
BTC-25JUN21-38000-C,1623171208000,1624608000000,month
BTC-25JUN21-38000-P,1623171208000,1624608000000,month
BTC-25JUN21-39000-C,1624027875000,1624608000000,month
BTC-25JUN21-39000-P,1624027875000,1624608000000,month
BTC-25JUN21-40000-C,1604045297000,1624608000000,month
BTC-25JUN21-40000-P,1604045297000,1624608000000,month
BTC-25JUN21-42000-C,1623660636000,1624608000000,month
BTC-25JUN21-42000-P,1623660636000,1624608000000,month
BTC-25JUN21-44000-C,1605121458000,1624608000000,month
BTC-25JUN21-44000-P,1605121458000,1624608000000,month
BTC-25JUN21-46000-C,1623660636000,1624608000000,month
BTC-25JUN21-46000-P,1623660636000,1624608000000,month
BTC-25JUN21-48000-C,1605617719000,1624608000000,month
BTC-25JUN21-48000-P,1605617719000,1624608000000,month
BTC-25JUN21-50000-C,1614256763000,1624608000000,month
BTC-25JUN21-50000-P,1614256763000,1624608000000,month
BTC-25JUN21-52000-C,1605617719000,1624608000000,month
BTC-25JUN21-52000-P,1605617719000,1624608000000,month
BTC-25JUN21-56000-C,1605863079000,1624608000000,month
BTC-25JUN21-56000-P,1605863079000,1624608000000,month
BTC-25JUN21-60000-C,1605863079000,1624608000000,month
BTC-25JUN21-60000-P,1605863079000,1624608000000,month
BTC-25JUN21-64000-C,1606233638000,1624608000000,month
BTC-25JUN21-64000-P,1606233638000,1624608000000,month
BTC-25JUN21-68000-C,1614604021000,1624608000000,month
BTC-25JUN21-68000-P,1614604021000,1624608000000,month
BTC-25JUN21-72000-C,1606233955000,1624608000000,month
BTC-25JUN21-72000-P,1606233955000,1624608000000,month
BTC-25JUN21-76000-C,1614604021000,1624608000000,month
BTC-25JUN21-76000-P,1614604021000,1624608000000,month
BTC-25JUN21-80000-C,1608211016000,1624608000000,month
BTC-25JUN21-80000-P,1608211016000,1624608000000,month
BTC-25JUN21-88000-C,1609622463000,1624608000000,month
BTC-25JUN21-88000-P,1609622463000,1624608000000,month
BTC-25JUN21-100000-C,1610548303000,1624608000000,month
BTC-25JUN21-100000-P,1610548303000,1624608000000,month
BTC-25JUN21-120000-C,1609624412000,1624608000000,month
BTC-25JUN21-120000-P,1609624412000,1624608000000,month
BTC-25JUN21-140000-C,1613411052000,1624608000000,month
BTC-25JUN21-140000-P,1613411052000,1624608000000,month
BTC-25JUN21-160000-C,1613755246000,1624608000000,month
BTC-25JUN21-160000-P,1613755246000,1624608000000,month
BTC-26JUN21-28000-C,1624521607000,1624694400000,day
BTC-26JUN21-28000-P,1624521607000,1624694400000,day
BTC-26JUN21-29000-C,1624521607000,1624694400000,day
BTC-26JUN21-29000-P,1624521607000,1624694400000,day
BTC-26JUN21-30000-C,1624521607000,1624694400000,day
BTC-26JUN21-30000-P,1624521607000,1624694400000,day
BTC-26JUN21-31000-C,1624521607000,1624694400000,day
BTC-26JUN21-31000-P,1624521607000,1624694400000,day
BTC-26JUN21-32000-C,1624521607000,1624694400000,day
BTC-26JUN21-32000-P,1624521607000,1624694400000,day
BTC-26JUN21-33000-C,1624521607000,1624694400000,day
BTC-26JUN21-33000-P,1624521607000,1624694400000,day
BTC-26JUN21-34000-C,1624521607000,1624694400000,day
BTC-26JUN21-34000-P,1624521607000,1624694400000,day
BTC-26JUN21-35000-C,1624521607000,1624694400000,day
BTC-26JUN21-35000-P,1624521607000,1624694400000,day
BTC-26JUN21-36000-C,1624521607000,1624694400000,day
BTC-26JUN21-36000-P,1624521607000,1624694400000,day
BTC-26JUN21-37000-C,1624524900000,1624694400000,day
BTC-26JUN21-37000-P,1624524900000,1624694400000,day
BTC-26JUN21-38000-C,1624521607000,1624694400000,day
BTC-26JUN21-38000-P,1624521607000,1624694400000,day
BTC-26JUN21-40000-C,1624554060000,1624694400000,day
BTC-26JUN21-40000-P,1624554060000,1624694400000,day
BTC-27JUN21-26000-C,1624643100000,1624780800000,day
BTC-27JUN21-26000-P,1624643100000,1624780800000,day
BTC-27JUN21-28000-C,1624608010000,1624780800000,day
BTC-27JUN21-28000-P,1624608010000,1624780800000,day
BTC-27JUN21-29000-C,1624617720000,1624780800000,day
BTC-27JUN21-29000-P,1624617720000,1624780800000,day
BTC-27JUN21-30000-C,1624608010000,1624780800000,day
BTC-27JUN21-30000-P,1624608010000,1624780800000,day
BTC-27JUN21-31000-C,1624608010000,1624780800000,day
BTC-27JUN21-31000-P,1624608010000,1624780800000,day
BTC-27JUN21-32000-C,1624608010000,1624780800000,day
BTC-27JUN21-32000-P,1624608010000,1624780800000,day
BTC-27JUN21-33000-C,1624608010000,1624780800000,day
BTC-27JUN21-33000-P,1624608010000,1624780800000,day
BTC-27JUN21-34000-C,1624608010000,1624780800000,day
BTC-27JUN21-34000-P,1624608010000,1624780800000,day
BTC-27JUN21-35000-C,1624608010000,1624780800000,day
BTC-27JUN21-35000-P,1624608010000,1624780800000,day
BTC-27JUN21-36000-C,1624608010000,1624780800000,day
BTC-27JUN21-36000-P,1624608010000,1624780800000,day
BTC-27JUN21-37000-C,1624608010000,1624780800000,day
BTC-27JUN21-37000-P,1624608010000,1624780800000,day
BTC-27JUN21-38000-C,1624608010000,1624780800000,day
BTC-27JUN21-38000-P,1624608010000,1624780800000,day
BTC-27JUN21-40000-C,1624608010000,1624780800000,day
BTC-27JUN21-40000-P,1624608010000,1624780800000,day
